year,comb_2020,comb_2050_ssp1,comb_2050_ssp2,comb_2050_ssp3,comb_2050_ssp5,comb_2080_ssp1,comb_2080_ssp2,comb_2080_ssp3,comb_2080_ssp5,fluvial_2020,fluvial_2050_ssp1,fluvial_2050_ssp2,fluvial_2050_ssp3,fluvial_2050_ssp5,fluvial_2080_ssp1,fluvial_2080_ssp2,fluvial_2080_ssp3,fluvial_2080_ssp5,pluvial_2020,pluvial_2050_ssp1,pluvial_2050_ssp2,pluvial_2050_ssp3,pluvial_2050_ssp5,pluvial_2080_ssp1,pluvial_2080_ssp2,pluvial_2080_ssp3,pluvial_2080_ssp5
1985,1.6421465621329867,1.7574053424599387,1.8196916530406653,1.824930688510072,1.9285471677938977,1.8051387767367573,1.9582350354538702,2.12763051563136,2.3325350139903858,0.09139206318854269,0.08091399224972888,0.07567495678032198,0.07509284172816565,0.07276438151954036,0.07742130193679095,0.07218226646738403,0.05937573531994493,0.037255363338004666,1.6421465621329867,1.7574053424599387,1.8196916530406653,1.824930688510072,1.9285471677938977,1.8051387767367573,1.9582350354538702,2.12763051563136,2.3325350139903858
1986,1.6421465621329867,1.7574053424599387,1.8196916530406653,1.824930688510072,1.9285471677938977,1.8051387767367573,1.9582350354538702,2.12763051563136,2.3325350139903858,0.09139206318854269,0.08091399224972888,0.07567495678032198,0.07509284172816565,0.07276438151954036,0.07742130193679095,0.07218226646738403,0.05937573531994493,0.037255363338004666,1.6421465621329867,1.7574053424599387,1.8196916530406653,1.824930688510072,1.9285471677938977,1.8051387767367573,1.9582350354538702,2.12763051563136,2.3325350139903858
1987,1.6421465621329867,1.7574053424599387,1.8196916530406653,1.824930688510072,1.9285471677938977,1.8051387767367573,1.9582350354538702,2.12763051563136,2.3325350139903858,0.09139206318854269,0.08091399224972888,0.07567495678032198,0.07509284172816565,0.07276438151954036,0.07742130193679095,0.07218226646738403,0.05937573531994493,0.037255363338004666,1.6421465621329867,1.7574053424599387,1.8196916530406653,1.824930688510072,1.9285471677938977,1.8051387767367573,1.9582350354538702,2.12763051563136,2.3325350139903858
1988,1.6421465621329867,1.7574053424599387,1.8196916530406653,1.824930688510072,1.9285471677938977,1.8051387767367573,1.9582350354538702,2.12763051563136,2.3325350139903858,0.09139206318854269,0.08091399224972888,0.07567495678032198,0.07509284172816565,0.07276438151954036,0.07742130193679095,0.07218226646738403,0.05937573531994493,0.037255363338004666,1.6421465621329867,1.7574053424599387,1.8196916530406653,1.824930688510072,1.9285471677938977,1.8051387767367573,1.9582350354538702,2.12763051563136,2.3325350139903858
1989,1.6421465621329867,1.7574053424599387,1.8196916530406653,1.824930688510072,1.9285471677938977,1.8051387767367573,1.9582350354538702,2.12763051563136,2.3325350139903858,0.09139206318854269,0.08091399224972888,0.07567495678032198,0.07509284172816565,0.07276438151954036,0.07742130193679095,0.07218226646738403,0.05937573531994493,0.037255363338004666,1.6421465621329867,1.7574053424599387,1.8196916530406653,1.824930688510072,1.9285471677938977,1.8051387767367573,1.9582350354538702,2.12763051563136,2.3325350139903858
1990,1.6421465621329867,1.7574053424599387,1.8196916530406653,1.824930688510072,1.9285471677938977,1.8051387767367573,1.9582350354538702,2.12763051563136,2.3325350139903858,0.09139206318854269,0.08091399224972888,0.07567495678032198,0.07509284172816565,0.07276438151954036,0.07742130193679095,0.07218226646738403,0.05937573531994493,0.037255363338004666,1.6421465621329867,1.7574053424599387,1.8196916530406653,1.824930688510072,1.9285471677938977,1.8051387767367573,1.9582350354538702,2.12763051563136,2.3325350139903858
1991,1.6421465621329867,1.7574053424599387,1.8196916530406653,1.824930688510072,1.9285471677938977,1.8051387767367573,1.9582350354538702,2.12763051563136,2.3325350139903858,0.09139206318854269,0.08091399224972888,0.07567495678032198,0.07509284172816565,0.07276438151954036,0.07742130193679095,0.07218226646738403,0.05937573531994493,0.037255363338004666,1.6421465621329867,1.7574053424599387,1.8196916530406653,1.824930688510072,1.9285471677938977,1.8051387767367573,1.9582350354538702,2.12763051563136,2.3325350139903858
1992,1.6421465621329867,1.7574053424599387,1.8196916530406653,1.824930688510072,1.9285471677938977,1.8051387767367573,1.9582350354538702,2.12763051563136,2.3325350139903858,0.09139206318854269,0.08091399224972888,0.07567495678032198,0.07509284172816565,0.07276438151954036,0.07742130193679095,0.07218226646738403,0.05937573531994493,0.037255363338004666,1.6421465621329867,1.7574053424599387,1.8196916530406653,1.824930688510072,1.9285471677938977,1.8051387767367573,1.9582350354538702,2.12763051563136,2.3325350139903858
1993,1.6421465621329867,1.7574053424599387,1.8196916530406653,1.824930688510072,1.9285471677938977,1.8051387767367573,1.9582350354538702,2.12763051563136,2.3325350139903858,0.09139206318854269,0.08091399224972888,0.07567495678032198,0.07509284172816565,0.07276438151954036,0.07742130193679095,0.07218226646738403,0.05937573531994493,0.037255363338004666,1.6421465621329867,1.7574053424599387,1.8196916530406653,1.824930688510072,1.9285471677938977,1.8051387767367573,1.9582350354538702,2.12763051563136,2.3325350139903858
1994,1.689297881357649,1.8057208917889136,1.871499892682578,1.8767389281519848,1.9821017525922793,1.8552006712222011,2.0129538503565647,2.186424135899149,2.3930749794146435,0.09546686855363695,0.08498879761482314,0.07974976214541624,0.07916764709325991,0.07683918688463462,0.08149610730188521,0.07625707183247829,0.06286842563288286,0.03841959344231731,1.689297881357649,1.8057208917889136,1.871499892682578,1.8767389281519848,1.9821017525922793,1.8552006712222011,2.0129538503565647,2.186424135899149,2.3930749794146435
1995,1.7265532446956535,1.8476331755441688,1.9151585215943023,1.9209796721158654,2.0292530718169415,1.8971129549774564,2.0612693996855396,2.244053526062625,2.454779174943214,0.09779532876226224,0.08731725782344843,0.08207822235404152,0.0814961073018852,0.07916764709325991,0.0838245675105105,0.07858553204110358,0.06519688584150815,0.040165938598786276,1.7265532446956535,1.8476331755441688,1.9151585215943023,1.9209796721158654,2.0292530718169415,1.8971129549774564,2.0612693996855396,2.244053526062625,2.454779174943214
1996,1.7550768822513134,1.8796495034127665,1.9518317698801506,1.9576529204017137,2.0688368953635714,1.9332040882111483,2.1008532232321695,2.287130039922193,2.5100801048980648,0.10070590402304386,0.09022783308423005,0.08498879761482314,0.08440668256266681,0.0814961073018852,0.08673514277129211,0.08091399224972887,0.06752534605013344,0.0407480536509426,1.7550768822513134,1.8796495034127665,1.9518317698801506,1.9576529204017137,2.0688368953635714,1.9332040882111483,2.1008532232321695,2.287130039922193,2.5100801048980648
1997,1.8528722110135756,1.9791911773314976,2.0554482491639763,2.061269399685539,2.176528180012491,2.0350742223385048,2.2097087379854017,2.4018067051969885,2.631742150798736,0.10303436423166915,0.09197417824069902,0.08673514277129211,0.08615302771913579,0.08324245245835417,0.08848148792776109,0.08266033740619784,0.06868957615444608,0.04133016870309892,1.8528722110135756,1.9791911773314976,2.0554482491639763,2.061269399685539,2.176528180012491,2.0350742223385048,2.2097087379854017,2.4018067051969885,2.631742150798736
1998,1.9029341054990194,2.029835186869098,2.109002833962358,2.114823984483921,2.232411225019498,2.0886288071368866,2.265591782992409,2.4623466706212462,2.696939036640244,0.10652705454460708,0.09546686855363695,0.09022783308423005,0.08964571803207372,0.0867351427712921,0.09197417824069902,0.08615302771913577,0.07218226646738402,0.043076513859567886,1.9029341054990194,2.029835186869098,2.109002833962358,2.114823984483921,2.232411225019498,2.0886288071368866,2.265591782992409,2.4623466706212462,2.696939036640244
1999,1.9314577430546793,2.062433629789852,2.1427655069874247,2.1485866575089876,2.2708308184618153,2.1223914801619532,2.304011376434726,2.503094724272189,2.7388513203954994,0.10652705454460708,0.09546686855363695,0.09022783308423005,0.08964571803207372,0.0867351427712921,0.09197417824069902,0.08615302771913577,0.07218226646738402,0.043076513859567886,1.9314577430546793,2.062433629789852,2.1427655069874247,2.1485866575089876,2.2708308184618153,2.1223914801619532,2.304011376434726,2.503094724272189,2.7388513203954994
2000,1.9529959999844633,2.088628807136886,2.170707029490928,2.176528180012491,2.2999365710696313,2.1503330026654566,2.3342813591468548,2.535693167192943,2.7737782235248787,0.1071091695967634,0.09604898360579328,0.09080994813638638,0.09022783308423005,0.0867351427712921,0.09255629329285535,0.08615302771913577,0.07218226646738402,0.043076513859567886,1.9529959999844633,2.088628807136886,2.170707029490928,2.176528180012491,2.2999365710696313,2.1503330026654566,2.3342813591468548,2.535693167192943,2.7737782235248787
2001,1.9855944429052172,2.1218093651097965,2.205051817568151,2.210872968089714,2.335445589251167,2.1846777907426795,2.3697903773283904,2.572366415478791,2.8110335868628833,0.11001974485754502,0.0989595588665749,0.09372052339716799,0.09313840834501166,0.08964571803207372,0.09546686855363697,0.08906360297991739,0.07509284172816563,0.04482285901603685,1.9855944429052172,2.1218093651097965,2.205051817568151,2.210872968089714,2.335445589251167,2.1846777907426795,2.3697903773283904,2.572366415478791,2.8110335868628833
2002,2.0414774879122244,2.183513560638367,2.267338128148878,2.2731592786704407,2.39831401488405,2.2469641013234063,2.4332409180134293,2.6398917615289244,2.8820516232259545,0.11060185990970135,0.09954167391873123,0.09430263844932432,0.09372052339716799,0.09022783308423005,0.0960489836057933,0.08964571803207372,0.07567495678032196,0.045404974068193174,2.0414774879122244,2.183513560638367,2.267338128148878,2.2731592786704407,2.39831401488405,2.2469641013234063,2.4332409180134293,2.6398917615289244,2.8820516232259545
2003,2.2888763850786615,2.4489580244216502,2.539767972558037,2.546753353183912,2.6876251958057424,2.5176476005760966,2.724880559143747,2.958890810110589,3.2249173889460288,0.11991570074420252,0.1088555147532324,0.10303436423166917,0.10245224917951284,0.0989595588665749,0.10536282444029446,0.09837744381441857,0.08324245245835415,0.05064400953760008,2.2888763850786615,2.4489580244216502,2.539767972558037,2.546753353183912,2.6876251958057424,2.5176476005760966,2.724880559143747,2.958890810110589,3.2249173889460288
2004,2.352326925763701,2.512408565106689,2.6055469734517014,2.6125323540775764,2.753986311751563,2.583426601469761,2.7924059051938803,3.027580386265035,3.2959354253091,0.12107993084851516,0.11001974485754504,0.10419859433598182,0.10361647928382549,0.10012378897088754,0.1065270545446071,0.09954167391873121,0.0844066825626668,0.05180823964191272,2.352326925763701,2.512408565106689,2.6055469734517014,2.6125323540775764,2.753986311751563,2.583426601469761,2.7924059051938803,3.027580386265035,3.2959354253091
2005,2.430330342752648,2.5944867874607307,2.691700001170837,2.7004317269531812,2.8430499147314805,2.6678332840324277,2.8814695081737978,3.1183903344014214,3.3919844089148934,0.12282627600498414,0.11176609001401401,0.10594493949245079,0.10536282444029446,0.10187013412735652,0.10827339970107608,0.10128801907520019,0.08557091266697944,0.052390354694069045,2.430330342752648,2.5944867874607307,2.691700001170837,2.7004317269531812,2.8430499147314805,2.6678332840324277,2.8814695081737978,3.1183903344014214,3.3919844089148934
2006,2.490870308176906,2.6573552130936138,2.756896887012345,2.765628612794689,2.9117394908859264,2.731865939769623,2.9519054294847127,3.1981400965468376,3.4804658968426545,0.12515473621360942,0.1140945502226393,0.10827339970107608,0.10769128464891975,0.1041985943359818,0.11060185990970137,0.10361647928382547,0.08615302771913577,0.05297246974622537,2.490870308176906,2.6573552130936138,2.756896887012345,2.765628612794689,2.9117394908859264,2.731865939769623,2.9519054294847127,3.1981400965468376,3.4804658968426545
2007,2.5712021853744784,2.7382692053433426,2.8424677996793246,2.851781640513825,2.999056748709375,2.8156905072801335,3.039222687308161,3.290696389839693,3.5741864202398226,0.12515473621360942,0.1140945502226393,0.10827339970107608,0.10769128464891975,0.1041985943359818,0.11060185990970137,0.10361647928382547,0.08615302771913577,0.05297246974622537,2.5712021853744784,2.7382692053433426,2.8424677996793246,2.851781640513825,2.999056748709375,2.8156905072801335,3.039222687308161,3.290696389839693,3.5741864202398226
2008,2.61369658418189,2.780181489098598,2.8855443135388925,2.894858154373393,3.044461722777568,2.858184906087545,3.0846276613763544,3.3366834789600426,3.621919854516641,0.12515473621360942,0.1140945502226393,0.10827339970107608,0.10769128464891975,0.1041985943359818,0.11060185990970137,0.10361647928382547,0.08615302771913577,0.05297246974622537,2.61369658418189,2.780181489098598,2.8855443135388925,2.894858154373393,3.044461722777568,2.858184906087545,3.0846276613763544,3.3366834789600426,3.621919854516641
2009,2.7586432321688146,2.9257102521376788,3.041551147516787,3.0508649883512873,3.204543362120557,3.0124453949089705,3.2452914157714994,3.50491472903322,3.800047060476476,0.13388646199595428,0.12107993084851518,0.11525878032695196,0.11467666527479563,0.11118397496185768,0.11758724053557724,0.11060185990970135,0.09255629329285532,0.05646516005916331,2.7586432321688146,2.9257102521376788,3.041551147516787,3.0508649883512873,3.204543362120557,3.0124453949089705,3.2452914157714994,3.50491472903322,3.800047060476476
2010,2.8919475791126126,3.066582094759509,3.187079910555868,3.196393751390368,3.354146930524732,3.1568099278437387,3.396059214279987,3.669071173741303,3.97992061159278,0.14611087809123705,0.13097588673517266,0.12340839105714048,0.12282627600498415,0.1193335856920462,0.1269010813700784,0.11875147063988988,0.10012378897088751,0.062286310580726534,2.8919475791126126,3.066582094759509,3.187079910555868,3.196393751390368,3.354146930524732,3.1568099278437387,3.396059214279987,3.669071173741303,3.97992061159278
2011,2.9891607928227186,3.1667058837303967,3.290114274787537,3.2994281156220375,3.460673985069339,3.259844292075408,3.50316838387675,3.783165723963942,4.102746887597764,0.14843933829986233,0.13330434694379795,0.12573685126576578,0.12515473621360945,0.12166204590067149,0.1292295415787037,0.12107993084851516,0.1024522491795128,0.06461477078935182,2.9891607928227186,3.1667058837303967,3.290114274787537,3.2994281156220375,3.460673985069339,3.259844292075408,3.50316838387675,3.783165723963942,4.102746887597764
2012,3.065999979707353,3.2476198759801256,3.374520957350204,3.3838347981847043,3.550901818153569,3.3436688595859185,3.5939783320131364,3.8809610527262044,4.212766632455309,0.15076779850848762,0.13563280715242323,0.12806531147439107,0.12748319642223474,0.12399050610929678,0.131558001787329,0.12340839105714045,0.10419859433598178,0.06519688584150815,3.065999979707353,3.2476198759801256,3.374520957350204,3.3838347981847043,3.550901818153569,3.3436688595859185,3.5939783320131364,3.8809610527262044,4.212766632455309
2013,3.107330148410452,3.2889500446832245,3.4170153561576155,3.426329196992116,3.595724677169606,3.38616325839333,3.6393833060813296,3.9292766020551793,4.2721423677752535,0.15251414366495658,0.13621492220457956,0.1286474265265474,0.12806531147439107,0.12457262116145311,0.13214011683948532,0.12399050610929678,0.10419859433598178,0.06519688584150815,3.107330148410452,3.2889500446832245,3.4170153561576155,3.426329196992116,3.595724677169606,3.38616325839333,3.6393833060813296,3.9292766020551793,4.2721423677752535
2014,3.1620489633131466,3.3459973197945443,3.476973206529717,3.4862870473642174,3.659175217854645,3.4461211087654315,3.702833846766369,3.9950556029488435,4.3437425191904815,0.15775317913436349,0.1397076125175175,0.1309758867351727,0.13039377168301636,0.1269010813700784,0.13563280715242326,0.12573685126576575,0.1047807093881381,0.06519688584150815,3.1620489633131466,3.3459973197945443,3.476973206529717,3.4862870473642174,3.659175217854645,3.4461211087654315,3.702833846766369,3.9950556029488435,4.3437425191904815
2015,3.2912785048918503,3.482212241999124,3.6178450491515473,3.6271588899860476,3.8116893615196012,3.585246606230793,3.8553479904313255,4.156301472396145,4.512555884315815,0.16706701996886464,0.14785722324770603,0.13854338241320488,0.13796126736104855,0.13388646199595428,0.14378241788261178,0.13272223189164162,0.11176609001401398,0.06868957615444608,3.2912785048918503,3.482212241999124,3.6178450491515473,3.6271588899860476,3.8116893615196012,3.585246606230793,3.8553479904313255,4.156301472396145,4.512555884315815
